{
  "vertical_band_to_band": {
    "Banner": {
      "Banner": 0.16666666666666666,
      "Footer": 0.16666666666666666,
      "Header": 0.16666666666666666,
      "Main": 0.16666666666666666,
      "Nav": 0.16666666666666666,
      "Supplement": 0.16666666666666666
    },
    "Footer": {
      "Banner": 0.16666666666666666,
      "Footer": 0.16666666666666666,
      "Header": 0.16666666666666666,
      "Main": 0.16666666666666666,
      "Nav": 0.16666666666666666,
      "Supplement": 0.16666666666666666
    },
    "Header": {
      "Banner": 0.16666666666666666,
      "Footer": 0.16666666666666666,
      "Header": 0.16666666666666666,
      "Main": 0.16666666666666666,
      "Nav": 0.16666666666666666,
      "Supplement": 0.16666666666666666
    },
    "Main": {
      "Banner": 0.16666666666666666,
      "Footer": 0.16666666666666666,
      "Header": 0.16666666666666666,
      "Main": 0.16666666666666666,
      "Nav": 0.16666666666666666,
      "Supplement": 0.16666666666666666
    },
    "Nav": {
      "Banner": 0.16666666666666666,
      "Footer": 0.16666666666666666,
      "Header": 0.16666666666666666,
      "Main": 0.16666666666666666,
      "Nav": 0.16666666666666666,
      "Supplement": 0.16666666666666666
    },
    "Supplement": {
      "Banner": 0.16666666666666666,
      "Footer": 0.16666666666666666,
      "Header": 0.16666666666666666,
      "Main": 0.16666666666666666,
      "Nav": 0.16666666666666666,
      "Supplement": 0.16666666666666666
    }
  },
  "within_band_type_to_type": {
    "Banner": {
      "button": {
        "button": 2.544255042221617e-05,
        "input": 2.544255042221617e-05,
        "media": 2.544255042221617e-05,
        "role_button": 0.7714604042082583,
        "select": 2.544255042221617e-05,
        "text": 0.2284123830396306,
        "textarea": 2.544255042221617e-05
      },
      "input": {
        "button": 2.544255042221617e-05,
        "input": 2.544255042221617e-05,
        "media": 2.544255042221617e-05,
        "role_button": 0.7714604042082583,
        "select": 2.544255042221617e-05,
        "text": 0.2284123830396306,
        "textarea": 2.544255042221617e-05
      },
      "media": {
        "button": 2.544255042221617e-05,
        "input": 2.544255042221617e-05,
        "media": 2.544255042221617e-05,
        "role_button": 0.7714604042082583,
        "select": 2.544255042221617e-05,
        "text": 0.2284123830396306,
        "textarea": 2.544255042221617e-05
      },
      "role_button": {
        "button": 2.5442550422216176e-05,
        "input": 2.5442550422216176e-05,
        "media": 2.5442550422216176e-05,
        "role_button": 0.7714604042082585,
        "select": 2.5442550422216176e-05,
        "text": 0.22841238303963063,
        "textarea": 2.5442550422216176e-05
      },
      "select": {
        "button": 2.544255042221617e-05,
        "input": 2.544255042221617e-05,
        "media": 2.544255042221617e-05,
        "role_button": 0.7714604042082583,
        "select": 2.544255042221617e-05,
        "text": 0.2284123830396306,
        "textarea": 2.544255042221617e-05
      },
      "text": {
        "button": 2.5442550422216172e-05,
        "input": 2.5442550422216172e-05,
        "media": 2.5442550422216172e-05,
        "role_button": 0.7714604042082583,
        "select": 2.5442550422216172e-05,
        "text": 0.22841238303963066,
        "textarea": 2.5442550422216172e-05
      },
      "textarea": {
        "button": 2.544255042221617e-05,
        "input": 2.544255042221617e-05,
        "media": 2.544255042221617e-05,
        "role_button": 0.7714604042082583,
        "select": 2.544255042221617e-05,
        "text": 0.2284123830396306,
        "textarea": 2.544255042221617e-05
      }
    },
    "Footer": {
      "button": {
        "button": 0.25543399689069096,
        "input": 1.8724964845371813e-05,
        "media": 1.8724964845371813e-05,
        "role_button": 0.30804165655733756,
        "select": 1.8724964845371813e-05,
        "text": 0.43644944669259006,
        "textarea": 1.8724964845371813e-05
      },
      "input": {
        "button": 0.2554339968906909,
        "input": 1.872496484537181e-05,
        "media": 1.872496484537181e-05,
        "role_button": 0.3080416565573375,
        "select": 1.872496484537181e-05,
        "text": 0.43644944669259,
        "textarea": 1.872496484537181e-05
      },
      "media": {
        "button": 0.2554339968906909,
        "input": 1.872496484537181e-05,
        "media": 1.872496484537181e-05,
        "role_button": 0.3080416565573375,
        "select": 1.872496484537181e-05,
        "text": 0.43644944669259,
        "textarea": 1.872496484537181e-05
      },
      "role_button": {
        "button": 0.2554339968906909,
        "input": 1.872496484537181e-05,
        "media": 1.872496484537181e-05,
        "role_button": 0.3080416565573375,
        "select": 1.872496484537181e-05,
        "text": 0.43644944669259006,
        "textarea": 1.872496484537181e-05
      },
      "select": {
        "button": 0.2554339968906909,
        "input": 1.872496484537181e-05,
        "media": 1.872496484537181e-05,
        "role_button": 0.3080416565573375,
        "select": 1.872496484537181e-05,
        "text": 0.43644944669259,
        "textarea": 1.872496484537181e-05
      },
      "text": {
        "button": 0.25543399689069096,
        "input": 1.8724964845371813e-05,
        "media": 1.8724964845371813e-05,
        "role_button": 0.30804165655733756,
        "select": 1.8724964845371813e-05,
        "text": 0.4364494466925901,
        "textarea": 1.8724964845371813e-05
      },
      "textarea": {
        "button": 0.2554339968906909,
        "input": 1.872496484537181e-05,
        "media": 1.872496484537181e-05,
        "role_button": 0.3080416565573375,
        "select": 1.872496484537181e-05,
        "text": 0.43644944669259,
        "textarea": 1.872496484537181e-05
      }
    },
    "Header": {
      "button": {
        "button": 2.030843883690547e-05,
        "input": 2.030843883690547e-05,
        "media": 0.1643142846994083,
        "role_button": 0.28305047075307066,
        "select": 2.030843883690547e-05,
        "text": 0.5525540107921734,
        "textarea": 2.030843883690547e-05
      },
      "input": {
        "button": 2.030843883690547e-05,
        "input": 2.030843883690547e-05,
        "media": 0.1643142846994083,
        "role_button": 0.28305047075307066,
        "select": 2.030843883690547e-05,
        "text": 0.5525540107921734,
        "textarea": 2.030843883690547e-05
      },
      "media": {
        "button": 2.0308438836905473e-05,
        "input": 2.0308438836905473e-05,
        "media": 0.16431428469940831,
        "role_button": 0.2830504707530707,
        "select": 2.0308438836905473e-05,
        "text": 0.5525540107921734,
        "textarea": 2.0308438836905473e-05
      },
      "role_button": {
        "button": 2.030843883690547e-05,
        "input": 2.030843883690547e-05,
        "media": 0.1643142846994083,
        "role_button": 0.28305047075307066,
        "select": 2.030843883690547e-05,
        "text": 0.5525540107921734,
        "textarea": 2.030843883690547e-05
      },
      "select": {
        "button": 2.030843883690547e-05,
        "input": 2.030843883690547e-05,
        "media": 0.1643142846994083,
        "role_button": 0.28305047075307066,
        "select": 2.030843883690547e-05,
        "text": 0.5525540107921734,
        "textarea": 2.030843883690547e-05
      },
      "text": {
        "button": 2.0308438836905466e-05,
        "input": 2.0308438836905466e-05,
        "media": 0.16431428469940826,
        "role_button": 0.28305047075307066,
        "select": 2.0308438836905466e-05,
        "text": 0.5525540107921733,